{
  "merge": -0.7335597000005204,
  "branch": 0.0836971977872162,
  "stabilize": -0.6494302772130751,
  "revert": 0.0
}