{
  "merge": 0.06325085059000725,
  "branch": 0.06787389398144951,
  "stabilize": -0.05643236037236958,
  "revert": 0.05648563599933647
}