{
  "merge": 0.05294631454081443,
  "branch": 0.06911719564193278,
  "stabilize": 0.057656332444323936,
  "revert": 0.060485258097966975
}