{
  "merge": -0.2833715649047653,
  "branch": 0.055305750708153065,
  "stabilize": 0.17131577310418764,
  "revert": 0.0
}