{
  "merge": -0.6189151076855037,
  "branch": -0.27482092484410375,
  "stabilize": 0.07256747411214695,
  "revert": 0.0
}