{
  "merge": -0.40754783214661494,
  "branch": -0.44199687071254257,
  "stabilize": -0.4654879752231748,
  "revert": -0.4093409777063888
}