{
  "merge": -0.216669806852617,
  "branch": -0.16262304300082003,
  "stabilize": 0.062230295449525325,
  "revert": 0.41435037909343436
}