{
  "merge": 0.046623393462591985,
  "branch": 0.04356334707724475,
  "stabilize": 0.044361040914956684,
  "revert": 0.04511412900087638
}