{
  "meta": {
    "stabilize_neutral|src=(3, 3, 3)|dst=(3, 3, 3)": {
      "t": 1762333078.4345868,
      "\u03a6": -0.09371938309627537
    },
    "branch_contradiction|src=(3, 3, 3)|dst=(3, 3, 3)": {
      "t": 1762333078.3479218,
      "\u03a6": -0.878474839656525
    },
    "stabilize_entailment|src=(3, 3, 3)|dst=(3, 3, 3)": {
      "t": 1762333078.491509,
      "\u03a6": 0.8599967323274443
    },
    "merge_neutral|src=(3, 3, 3)|dst=(3, 3, 3)": {
      "t": 1762333078.278125,
      "\u03a6": 0.08798210316005672
    },
    "merge_entailment|src=(3, 3, 3)|dst=(3, 3, 3)": {
      "t": 1762333078.265976,
      "\u03a6": 0.6381522107995179
    },
    "stabilize_contradiction|src=(3, 3, 3)|dst=(3, 3, 3)": {
      "t": 1762333078.4788742,
      "\u03a6": -0.7673061278250332
    },
    "branch_neutral|src=(3, 3, 3)|dst=(3, 3, 3)": {
      "t": 1762333078.0812721,
      "\u03a6": -0.3016475830413512
    },
    "merge_contradiction|src=(3, 3, 3)|dst=(3, 3, 3)": {
      "t": 1762333078.212684,
      "\u03a6": -0.8080249332293201
    },
    "branch_entailment|src=(3, 3, 3)|dst=(3, 3, 3)": {
      "t": 1762333078.229812,
      "\u03a6": 0.6318745854757979
    }
  },
  "phi_history": {
    "stabilize": [
      -0.15513998014811567,
      0.7506936537006561,
      -0.2607015787564667,
      -0.8065615645408003,
      -0.13682377566951698,
      -0.8233020631384592,
      0.3375761199646041,
      -0.19365654168740476,
      -0.5885543396079141,
      0.6379727990417455,
      0.8056469552970343,
      -0.17197506369242566,
      -0.7939564231425803,
      -0.8236932367280835,
      -0.051325731112257085,
      0.120902555121866,
      -0.4467859410678028,
      0.688869586359173,
      -0.660825270312293,
      -0.2861421754345291,
      0.40152784249159623,
      0.5878673881524783,
      -0.21876515012673894,
      0.7118647296921693,
      0.34774070697988857,
      0.3664513494137469,
      0.8693018958810768,
      0.32408400122019404,
      -0.33878231575162504,
      -0.12998078089111914,
      0.16016102529826307,
      -0.4498386158410049,
      0.5281925757184422,
      -0.37464253424128857,
      0.7086134892877863,
      0.6545378339271302,
      0.9276782086057338,
      0.440013155674854,
      0.865854066911555,
      0.4080878690031186,
      -0.49675519795567885,
      0.6698133441544976,
      0.6050436538541143,
      -0.7708531954850995,
      0.7123432296446984,
      0.11534317258188886,
      0.5760029460350822,
      0.6104058545627873,
      -0.4513389097394902,
      0.08582725366377711,
      -0.4740301929487823,
      0.5548130888941608,
      -0.08707453553431864,
      0.6916323998862698,
      0.8000179937654246,
      -0.9412173261384891,
      0.7738482354115948,
      -0.09126398026162347,
      0.42874772257763644,
      0.6539018790062169,
      -0.4346510434018869,
      -0.9061745780332858,
      -0.2807089967053018,
      0.9091036165970692,
      0.2575080339466206,
      -0.9566960507308123,
      0.5189638625349571,
      0.8131173064629171,
      0.6549652690534697,
      0.9017903529688504,
      0.3123283710093535,
      -0.30070946279082916,
      -0.43825360586861056,
      0.3629969518325247,
      -0.1949808170510658,
      0.604340966229786,
      -0.33563563483544673,
      -0.7303786892388363,
      0.40187860866539926,
      -0.8082907522516526,
      0.7773114714226071,
      0.439882909212316,
      0.47783263525366815,
      0.9041060880912798,
      0.18938992769275773,
      0.27917772310810723,
      -0.47414872697854454,
      -0.9577386326740346,
      -0.8367381799449564,
      0.9087773053174794,
      -0.11913746339551183,
      0.38230069062053296,
      -0.7295620068355979,
      -0.12343439024591851,
      0.7327419091030827,
      0.7503436458579071,
      -0.9004929842961502,
      -0.09351547569606325,
      -0.7190903398841337,
      -0.6588792475667684,
      -0.36034678863717295,
      0.05364234157817068,
      0.5951747370515457,
      0.5454461577271719,
      0.247788627833325,
      -0.5949123659469359,
      -0.9531486774783321,
      0.9323920861990718,
      0.5922139367480503,
      0.26482721813445065,
      -0.9313685154673317,
      -0.9417835689765925,
      -0.7845010923918097,
      0.10299362177867531,
      0.036625982502822854,
      -0.2496292731749637,
      0.20700295118344914,
      0.2724895864934613,
      0.8036710647033867,
      0.7073865690792466,
      0.2084523728971339,
      0.30662403658387477,
      0.4234264484687636,
      0.2584424330340155,
      0.5340345854070813,
      -0.8421374135742643,
      0.7181317930487855,
      -0.09197795210671449,
      0.4101849096371675,
      0.4980187639541437,
      -0.8783752267099818,
      0.2722814078562979,
      0.7778167978486376,
      0.12754721313214093,
      0.8455473541551837,
      0.18308232945820543,
      -0.8051997299362458,
      -0.1611299928952941,
      0.5977187070429199,
      -0.9303664876647225,
      -0.9357854766391023,
      -0.984291375281632,
      -0.935199744512916,
      0.7384845632287163,
      0.218510320715576,
      0.22991022742182624,
      0.8077849858067438,
      -0.8945590371822686,
      0.7898981427692717,
      -0.46451158999936965,
      0.46219647447492607,
      0.32222801585801847,
      0.8945373889888889,
      -0.7788332166900275,
      -0.33288553720069086,
      -0.9094655382464206,
      -0.5218679882238503,
      -0.2733906798550366,
      0.8374162878810952,
      0.4156319483186439,
      0.7879245467409325,
      0.589103388521489,
      -0.4420078146905122,
      -0.007510750336687552,
      0.1581477409725312,
      0.29284987711925453,
      0.09161565262149074,
      -0.8699407777013322,
      0.46067480533699434,
      0.7144596848390607,
      0.5595568173668104,
      0.5324287005698095,
      -0.0013357899244751665,
      0.03141268087720799,
      0.44425358268340526,
      0.6129535164840189,
      0.3838918251902479,
      0.42993264193190106,
      -0.8567678822599039,
      -0.60560079954005,
      0.27924276891760963,
      0.25982814035212887,
      0.4319007417959101,
      0.713216030735506,
      -0.0875624731953899,
      0.3531513777723793,
      0.5573160411634863,
      -0.707878253504714,
      0.833867629540839,
      -0.19425000687493937,
      0.7859116458621395,
      0.15626128195619893,
      -0.8268632647018247,
      0.6373583723109602,
      -0.6510597766318237,
      -0.09371938309627537,
      -0.9000381482363904,
      0.7459654156514097,
      -0.7673061278250332,
      0.8599967323274443
    ],