{
  "meta": {
    "stabilize_entailment|src=(3, 3, 3)|dst=(3, 3, 3)": {
      "t": 1762340833.4544551,
      "\u03a6": 0.7319789467929715
    },
    "merge_entailment|src=(3, 3, 3)|dst=(3, 3, 3)": {
      "t": 1762340832.177309,
      "\u03a6": 0.856850405193506
    },
    "stabilize_contradiction|src=(3, 3, 3)|dst=(3, 3, 3)": {
      "t": 1762340833.481962,
      "\u03a6": -0.6704083599951641
    },
    "merge_neutral|src=(3, 3, 3)|dst=(3, 3, 3)": {
      "t": 1762340832.288699,
      "\u03a6": -0.25442893946913187
    },
    "branch_contradiction|src=(3, 3, 3)|dst=(3, 3, 3)": {
      "t": 1762340833.203667,
      "\u03a6": -0.8669277082121886
    },
    "stabilize_neutral|src=(3, 3, 3)|dst=(3, 3, 3)": {
      "t": 1762340833.428769,
      "\u03a6": 0.37584962223937735
    },
    "branch_neutral|src=(3, 3, 3)|dst=(3, 3, 3)": {
      "t": 1762340833.036978,
      "\u03a6": 0.4022536123722183
    },
    "merge_contradiction|src=(3, 3, 3)|dst=(3, 3, 3)": {
      "t": 1762340828.415422,
      "\u03a6": -0.47452088419247435
    },
    "branch_entailment|src=(3, 3, 3)|dst=(3, 3, 3)": {
      "t": 1762340832.835433,
      "\u03a6": 0.7551967437464318
    }
  },
  "phi_history": {
    "stabilize": [
      -0.03224478820079397,
      0.6336278078861619,
      0.8079343002583701,
      0.1932623053254701,
      0.08787144724068423,
      0.57985276635773,
      -0.2071505688084394,
      0.31091244693288916,
      -0.824118223559234,
      0.4927342040961499,
      0.23762616637072148,
      -0.23619838224275877,
      -0.6430104494552266,
      0.5026477564086305,
      -0.10471218122671908,
      0.6374959087109963,
      0.45330797229151004,
      0.9161421810846108,
      -0.698088627524907,
      -0.8602303168495657,
      -0.2207859783801408,
      -0.030764700818812055,
      0.19988112421290924,
      -0.3591978864847105,
      0.6851301733353685,
      0.6636238779715399,
      -0.10641927801868546,
      0.41697215664803544,
      0.6836976498306272,
      0.5339981429094374,
      0.6532974351097459,
      0.22400671610632708,
      0.5548771082227596,
      0.20777839892269384,
      -0.30502642567638477,
      0.41403635329125826,
      -0.9097911375506039,
      0.45456880170063846,
      -0.7319265987121555,
      0.7604275533476497,
      -0.914618956185009,
      0.7679341062698678,
      0.27855073041120926,
      0.640527633090317,
      0.5959488284890172,
      -0.45297269918871874,
      0.672090518615952,
      0.7547170383193429,
      -0.8987750246528513,
      0.5911177424335182,
      0.4368680346029675,
      0.57214208075532,
      -0.4853525965763231,
      0.4671187456924054,
      -0.571611561044405,
      0.6391063940385309,
      0.874255486082775,
      -0.028403065463161934,
      0.2816150129035356,
      0.29538412131702046,
      0.08905127103402996,
      -0.8696460197624601,
      0.7287221627923005,
      0.024516469912490676,
      -0.9559093529697401,
      0.8451943830622429,
      -0.1293160918161159,
      -0.8737124952507337,
      -0.6134479034592553,
      0.7106647592017058,
      -0.2830090762003845,
      0.6110651602008056,
      0.2994081385477338,
      0.6978609624625919,
      -0.2132219642695081,
      0.5190377410697637,
      0.6428586797514932,
      0.284968899804582,
      0.8629934294962106,
      0.7963408243523797,
      -0.012721079246913155,
      0.8085803963452863,
      0.3352162687031821,
      0.7937708662312276,
      -0.9342099574856816,
      0.6993764916011334,
      -0.7788959040734218,
      -0.9719098608921706,
      0.16867568497398816,
      -0.7834617836011943,
      -0.019048186444785554,
      0.5181439740027696,
      0.09397829776002929,
      0.5389726996096853,
      0.8176084414948864,
      0.6703450306982094,
      0.03575073025233245,
      -0.0721311991088894,
      0.18795154245261042,
      0.08949963539525153,
      -0.6460001598317671,
      0.5572630914943126,
      -0.02265807638385612,
      -0.04548849484793491,
      0.11746547310803528,
      0.10818312673326565,
      -0.3078968420367016,
      -0.07524625155306221,
      -0.14082929781861786,
      0.22994284129749398,
      -0.88378140776103,
      0.13209097668440772,
      0.6639522296912549,
      -0.8485521257387634,
      0.86580154839344,
      0.6267561856295366,
      -0.5923035830434505,
      -0.6490866009950597,
      0.8753083703184079,
      0.3814079076222158,
      -0.5894107527572511,
      -0.857118827359523,
      -0.0618330861243589,
      -0.026171579726457807,
      0.8468215556520581,
      -0.7065964101817797,
      -0.9070854405630379,
      0.807783916367463,
      -0.09818607227536391,
      -0.6264995646901826,
      0.9158729833388619,
      0.502613561018602,
      0.3677026898450539,
      0.4515706620078784,
      -0.15056213270123345,
      -0.48322180203183196,
      -0.19358532352746305,
      -0.5893095400328091,
      -0.4696624810599044,
      -0.06235556540644694,
      -0.42983603128144066,
      0.7743808641643012,
      0.8778385519597633,
      -0.02140213484176452,
      -0.1120902590384818,
      0.13523482520741148,
      0.2583028557621674,
      0.5913176214143956,
      -0.46825844538652317,
      0.9290460600826679,
      0.3725334070641517,
      -0.7694217563454171,
      0.8472236784794699,
      -0.016600588006348633,
      0.7226207285992936,
      0.44046950889170255,
      0.9029353387372459,
      0.6400126527572152,
      0.7162891044534084,
      0.8743229277989785,
      0.17601742520656388,
      -0.34073053364369105,
      0.4576434189832522,
      0.15217402181009512,
      0.7755939873573888,
      0.8382004053136114,
      0.5871055822482067,
      0.607202253909378,
      0.7817146872097662,
      0.19659014060548036,
      0.37575007644427894,
      -0.3379929156261216,
      0.8010858134892184,
      0.2530871900726814,
      0.6887202193897911,
      0.2899433688514001,
      0.6955272993669572,
      -0.21316470480233182,
      -0.8810791570260291,
      -0.9666681975777417,
      0.09987921631721582,
      -0.27839281803950333,
      0.36220470157895923,
      0.7602037216026027,
      0.07416213441620378,
      -0.9456446120531872,
      -0.7684067517262069,
      0.7457142917366747,
      0.5982968291352444,
      -0.43659103405574634,
      -0.7200749494419617,
      0.14642382068563606,
      -0.8543833102997307,
      0.47755590421635785,
      0.6604703052594627,
      0.7127120196288949,
      -0.23698257660754365,
      0.37584962223937735,
      0.7319789467929715,
      -0.6704083599951641
    ],