{
  "meta": {
    "stabilize_entailment|src=(3, 3, 3)|dst=(3, 3, 3)": {
      "t": 1762331967.405235,
      "\u03a6": 0.5364316591571803
    },
    "branch_neutral|src=(3, 3, 3)|dst=(3, 3, 3)": {
      "t": 1762331967.016834,
      "\u03a6": -0.05265767151464436
    },
    "merge_contradiction|src=(3, 3, 3)|dst=(3, 3, 3)": {
      "t": 1762331967.1485782,
      "\u03a6": -0.6662376898293653
    },
    "stabilize_neutral|src=(3, 3, 3)|dst=(3, 3, 3)": {
      "t": 1762331967.430474,
      "\u03a6": 0.3250590076114946
    },
    "merge_entailment|src=(3, 3, 3)|dst=(3, 3, 3)": {
      "t": 1762331967.215731,
      "\u03a6": 0.4872463643822138
    },
    "merge_neutral|src=(3, 3, 3)|dst=(3, 3, 3)": {
      "t": 1762331967.047916,
      "\u03a6": 0.1800695610604148
    },
    "branch_contradiction|src=(3, 3, 3)|dst=(3, 3, 3)": {
      "t": 1762331967.286279,
      "\u03a6": -0.9746770321738806
    },
    "stabilize_contradiction|src=(3, 3, 3)|dst=(3, 3, 3)": {
      "t": 1762331967.417797,
      "\u03a6": -0.6137793192035977
    },
    "branch_entailment|src=(3, 3, 3)|dst=(3, 3, 3)": {
      "t": 1762331967.167148,
      "\u03a6": 0.7698840355731217
    }
  },
  "phi_history": {
    "stabilize": [
      0.6058751907340416,
      0.8176283094958885,
      0.023488602216061492,
      0.5599995170697231,
      -0.3006966604482413,
      0.24500281807000257,
      -0.8902048283324892,
      -0.4378504916693757,
      0.2338322587510943,
      0.5876992893476488,
      0.6261021446712779,
      -0.8342976543945136,
      0.5005359439106184,
      0.7031921854911611,
      0.4563489142601319,
      0.37966821239722587,
      0.40811825768008275,
      0.27148168526861444,
      0.40665688795916693,
      -0.039066354396278515,
      0.42756339519775016,
      -0.2298962527912455,
      0.1323422678307119,
      0.7784595197625486,
      0.33940213392035584,
      0.12415425646899984,
      0.5098100037992273,
      0.04110210197514182,
      0.19895386515485533,
      0.02087143203526496,
      -0.7725487350122052,
      -0.8351159374585009,
      0.49321511569586757,
      0.12970582449912013,
      0.8031838811400595,
      0.6476644821020929,
      0.922019193591478,
      -0.5878215114827586,
      0.469138347309094,
      0.20792206492336057,
      -0.8901038313616477,
      -0.1252204513027645,
      0.6454894883865356,
      -0.7867408228251299,
      0.6691306979929602,
      -0.5393927386856252,
      0.652481703013301,
      -0.34057058633530385,
      -0.6378671721069243,
      0.4244007852403829,
      -0.6025966779163419,
      0.05442098306603996,
      -0.8392472814389761,
      0.3444267391146635,
      0.5910800494948693,
      0.2065945146560304,
      0.29728040566879677,
      0.37097915186098024,
      -0.8203702115552038,
      0.6363488471130008,
      -0.9644149070036707,
      -0.7204753911501706,
      -0.8946623811841364,
      0.7300157327697009,
      0.3299930648243539,
      -0.9980669478403691,
      0.1850955370920583,
      0.8395943776451797,
      0.6838156935448886,
      0.8699012307617475,
      -0.0445353042433722,
      0.5401591403262623,
      -0.018280547575067523,
      0.1113428965023606,
      -0.19804886097321078,
      -0.6942832749133893,
      0.3653201209915818,
      -0.38387606447589695,
      -0.1303692385142696,
      -0.5299171784588028,
      0.20801179734886127,
      0.0833322650319748,
      0.24030164426554604,
      0.8897600597653016,
      0.4780330146525969,
      -0.18747932650766785,
      -0.9287779638534328,
      -0.8105315137137542,
      -0.32044307741358563,
      0.7734473717994073,
      -0.9558553101535852,
      0.5601886593617658,
      -0.9617185404718754,
      0.27802224931486846,
      0.14519491729355252,
      0.7889624622746547,
      -0.9564168730338249,
      -0.3503080184148429,
      -0.7924571794215348,
      -0.3372434303977568,
      0.47396627306156924,
      0.6573299015637284,
      0.614596095964334,
      0.24883178146493368,
      0.7561046141110923,
      0.5481845388255577,
      -0.953586382551485,
      0.9236499453131128,
      0.6032692632250863,
      0.4999154607382029,
      0.3007958230116767,
      0.08018017910710414,
      -0.853867113460726,
      -0.8999214084656321,
      -0.9591174048449278,
      -0.44426139760902755,
      0.326069909723602,
      0.4317863067519934,
      0.8601924138848455,
      -0.12417757298777167,
      0.5452499773585079,
      0.6989911147473036,
      0.3414194222802108,
      0.3159887666139994,
      0.7304091531251934,
      0.20047798000713932,
      0.44486666062138397,
      -0.33169241730177085,
      0.31361131596568,
      0.27918017091906777,
      -0.8744932763039448,
      0.27195529120723605,
      0.561677704808973,
      -0.45164639123736783,
      0.7897569272480178,
      -0.6313603555462585,
      0.09157118574354199,
      0.11857668198376242,
      -0.2932377600046639,
      -0.972858532743225,
      -0.9668795387710801,
      -0.6081055311102911,
      -0.2227163857801607,
      0.8959181152143102,
      0.07475945206420774,
      0.302152783455075,
      0.49420280680632495,
      -0.7915135573553366,
      0.7159525134145027,
      0.5760987640812013,
      -0.5034599773791005,
      0.28140884774249286,
      0.6304426787732852,
      -0.9400502246062721,
      0.2650114216703021,
      -0.6453409629063962,
      0.04158183073517373,
      -0.8831416958848407,
      0.8328552276535244,
      0.7293876910975302,
      0.7567411399721371,
      0.5159798776573125,
      0.32839751666419703,
      0.5295338639254602,
      -0.6113706683799754,
      0.05191692930032851,
      0.37619966335358157,
      -0.5418233753805416,
      0.6615479695957112,
      0.0025629169653425717,
      0.2947420547170247,
      -0.5001615597397101,
      -0.3681439132829921,
      -0.4172837780415967,
      0.7642697563708973,
      0.1976816399089359,
      0.5355114318439301,
      -0.2734090807143396,
      -0.5821841069515864,
      -0.9794091087666909,
      0.665540663791899,
      0.29055235580134037,
      0.5134047883607271,
      0.7455629551147788,
      -0.8835185323065725,
      -0.6215734149471865,
      0.05559337563528797,
      -0.9123091312122837,
      0.673293298881822,
      -0.9591300361805194,
      0.6127633176215761,
      0.025421504349697244,
      -0.5786625626764128,
      0.22372512634379318,
      -0.7013476443100654,
      0.17159249555121872,
      -0.14124758492729778,
      0.5364316591571803,
      -0.6137793192035977,
      0.3250590076114946
    ],