{
  "meta": {
    "stabilize_neutral|src=(3, 3, 3)|dst=(3, 3, 3)": {
      "t": 1762380394.443712,
      "\u03a6": 0.056730353603467135,
      "count": 498
    },
    "merge_entailment|src=(3, 3, 3)|dst=(3, 3, 3)": {
      "t": 1762380393.944531,
      "\u03a6": 0.5522208390963054,
      "count": 930
    },
    "stabilize_contradiction|src=(3, 3, 3)|dst=(3, 3, 3)": {
      "t": 1762380394.356398,
      "\u03a6": -0.6305636482194122,
      "count": 397
    },
    "merge_neutral|src=(3, 3, 3)|dst=(3, 3, 3)": {
      "t": 1762380393.82605,
      "\u03a6": -0.11269634438594281,
      "count": 383
    },
    "branch_contradiction|src=(3, 3, 3)|dst=(3, 3, 3)": {
      "t": 1762380394.184384,
      "\u03a6": -0.8191000774758374,
      "count": 821
    },
    "branch_neutral|src=(3, 3, 3)|dst=(3, 3, 3)": {
      "t": 1762380394.3250391,
      "\u03a6": 0.07317270496488155,
      "count": 457
    },
    "branch_entailment|src=(3, 3, 3)|dst=(3, 3, 3)": {
      "t": 1762380394.172361,
      "\u03a6": 0.5760370473278913,
      "count": 214
    },
    "stabilize_entailment|src=(3, 3, 3)|dst=(3, 3, 3)": {
      "t": 1762380394.429986,
      "\u03a6": 0.8444493444984182,
      "count": 595
    },
    "merge_contradiction|src=(3, 3, 3)|dst=(3, 3, 3)": {
      "t": 1762380393.551877,
      "\u03a6": -0.9715082819222305,
      "count": 182
    }
  },
  "phi_history": {
    "stabilize": [
      -0.16563377078227834,
      -0.872077485880789,
      0.4992013842994984,
      0.48781261178886015,
      -0.8850261337260495,
      0.020893472625933947,
      -0.6664449719612593,
      0.42760923267509626,
      -0.34275514625836595,
      0.7853123990519072,
      0.40781280910271334,
      -0.07869169086775207,
      -0.7398768667719116,
      0.3887174793443985,
      -0.9718483539151125,
      0.7172669353127921,
      0.6889039576674427,
      0.947045648589414,
      0.3264268694026731,
      -0.9710264062866514,
      -0.6631044008645468,
      -0.17817994031746062,
      0.821738803570759,
      -0.8927769310885413,
      0.6742258402761567,
      0.5298698906420384,
      -0.6936134725889795,
      -0.24478619633903434,
      0.4807287308087865,
      0.4686470484315683,
      -0.06897576549293864,
      0.013613068646447117,
      -0.2679707206337704,
      -0.7656648236615685,
      -0.7444206991812599,
      0.1176087706319675,
      0.07594517654028264,
      0.04984821055108511,
      0.050288781177805886,
      0.76098355073356,
      -0.8023718886167054,
      0.8979149598021882,
      0.40905109569667886,
      0.843432605975339,
      0.4645031328502113,
      -0.17228779221695065,
      -0.7573628838170164,
      -0.059957671371389264,
      0.5080706193789893,
      0.908977503205434,
      0.40477405654972676,
      0.791809813915337,
      0.10417917532545042,
      -0.9286213621177032,
      -0.9261664381968006,
      0.3950169442306394,
      0.8818762202803235,
      0.7049676046825093,
      -0.5242258728645334,
      0.6451285181615717,
      0.5220437177096547,
      -0.5288979029107672,
      0.7162953140131182,
      0.276701416501533,
      -0.4000812271899041,
      0.8589960688590617,
      -0.8889336758918869,
      -0.9116141925343175,
      -0.6219205049592248,
      0.4831538919217817,
      -0.17469840156698263,
      0.5413941553642756,
      0.6425518429821142,
      -0.004873763351867632,
      0.36316735233140973,
      -0.6672173369794118,
      -0.2187534806740599,
      0.16922887812992085,
      0.8870194815677368,
      0.862890055060798,
      -0.7522177691449098,
      0.8154094347302663,
      -0.4588642018994952,
      0.8058576716885824,
      -0.9125056962487642,
      0.917827597956864,
      -0.4826961238285315,
      -0.8791858355517499,
      0.4433775944997978,
      -0.825340727897017,
      0.3840175604956512,
      0.7063622765844819,
      -0.604918727881127,
      0.5789732956072079,
      0.40326830458012397,
      0.2502249162823569,
      -0.8268163095482856,
      -0.4255630059619839,
      0.5062584852480897,
      -0.17644375570876125,
      0.12225790092870856,
      0.6372717871265181,
      -0.7947302637764372,
      0.509294823109453,
      -0.19562835779462098,
      0.6534161450173176,
      -0.555524551284901,
      -0.019302893477044586,
      0.34637251448316714,
      0.7857172819855166,
      -0.06815051809409642,
      0.22866855617839382,
      0.5405015676327418,
      -0.543551449854273,
      0.8886888722358962,
      0.6011948467137401,
      0.5207260941528589,
      -0.6121988708883377,
      0.6839442754969071,
      -0.9967959808711375,
      -0.370428099495666,
      -0.9743657240219769,
      -0.9613577690402785,
      -0.5525474045128687,
      0.7904454241358828,
      -0.972726881742622,
      -0.8698310424079571,
      0.8846160178545175,
      -0.47902829877436587,
      -0.9582068386993134,
      0.9097396342480124,
      0.4183115279294267,
      0.3021870893328081,
      -0.48482641013932326,
      -0.5652136045970546,
      -0.22373522202033233,
      -0.8042719230180259,
      -0.9300458123332596,
      -0.8316839977270324,
      -0.48874951669017586,
      -0.5634669994166451,
      -0.4958676610382002,
      0.8717499695825971,
      0.7973256619772555,
      0.5246851508222568,
      0.16809302567699316,
      0.3017139082588887,
      0.6806134638878807,
      0.4727100595117372,
      0.9261031049042573,
      -0.9680079079438416,
      -0.24653073856091579,
      0.8915355218051652,
      0.02306731913343209,
      0.6051655161264821,
      0.8820996049899263,
      0.5725664760596304,
      0.5503881941356823,
      0.8483056586054964,
      0.6615627380667182,
      0.2877500956497537,
      -0.4630454621709751,
      -0.8995726823207527,
      -0.05570058117901635,
      0.5281699521107802,
      0.8959714502781672,
      -0.5811168444530521,
      0.657200158219098,
      0.502621395194868,
      -0.6537555777916206,
      -0.40454954845607827,
      -0.9710025912145471,
      0.7770771600856125,
      -0.3600322858157376,
      0.6629993074972933,
      0.6475930574271997,
      -0.1895532277589963,
      -0.42603988398067516,
      -0.9297446153307433,
      -0.5022692165611227,
      -0.7100842359680807,
      -0.6328296534874239,
      0.26763567731426946,
      0.8212694816482731,
      0.26770230078994944,
      0.38728635836438385,
      -0.533857738576301,
      0.8211137896082421,
      0.045615350557502404,
      -0.22392351836736007,
      0.504937880865499,
      -0.7821386292297439,
      -0.6305636482194122,
      0.4799769566534437,
      0.8034930959028393,
      0.46541794762297106,
      0.3474474300905737,
      0.7095298937307125,
      0.8444493444984182,
      0.056730353603467135
    ],